date,fiscal_year,mean_price,max_price,mean_tightness,temperature
2021-01-13,FY2020,154.56541666666666,222.3,8.316889583333333,6.0
2021-01-12,FY2020,150.25,210.01,8.319916666666666,3.45
2021-01-14,FY2020,127.50875,232.2,5.626816666666667,7.7
2021-01-15,FY2020,127.40270833333334,251.0,5.857676041666667,6.25
2021-01-11,FY2020,117.39083333333333,170.2,7.4595125,2.6
2021-01-08,FY2020,99.900625,120.02,9.123296875,2.5
2021-01-20,FY2020,97.621875,200.0,6.740060416666666,4.85
2021-01-19,FY2020,97.61583333333334,200.0,7.035353125,5.25
2021-01-09,FY2020,91.68666666666667,121.0,8.791720833333333,3.45
2021-01-10,FY2020,90.45687500000001,150.0,6.4212750000000005,2.8499999999999996
2021-01-07,FY2020,89.82104166666666,103.01,9.346373958333333,7.35
2021-01-06,FY2020,79.38479166666667,100.0,8.45686875,5.35
2021-01-21,FY2020,77.904375,200.0,5.316308333333333,5.199999999999999
2021-01-18,FY2020,77.20291666666667,200.0,5.694753124999999,4.8
2022-03-22,FY2021,64.06375,80.0,9.97400625,5.55
